district,state,population,deprivation_index,road_coverage,water_coverage,electricity_coverage,mpi_score,lat,lng
Ariyalur,Tamil Nadu,754154,0.42,72.5,68.0,96.0,0.18,11.1401,79.0786
Chengalpattu,Tamil Nadu,2556244,0.22,88.0,85.0,99.0,0.08,12.6819,79.9888
Chennai,Tamil Nadu,4646732,0.12,94.0,91.0,99.5,0.04,13.0827,80.2707
Coimbatore,Tamil Nadu,3458045,0.18,91.5,89.0,99.2,0.06,11.0168,76.9558
Cuddalore,Tamil Nadu,2605914,0.38,76.0,72.0,97.0,0.15,11.748,79.7714
Dharmapuri,Tamil Nadu,1506843,0.52,65.0,60.0,94.0,0.24,12.1211,78.1582
Dindigul,Tamil Nadu,2159775,0.36,78.0,74.0,97.5,0.14,10.3673,77.9803
Erode,Tamil Nadu,2251744,0.24,87.0,84.0,98.8,0.09,11.341,77.7172
Kallakurichi,Tamil Nadu,1370252,0.48,68.0,63.0,95.0,0.21,11.7384,78.9639
Kanchipuram,Tamil Nadu,1166401,0.2,89.0,86.0,99.0,0.07,12.8342,79.7036
Kanyakumari,Tamil Nadu,1870374,0.15,92.0,90.0,99.4,0.05,8.0883,77.5385
Karur,Tamil Nadu,1064493,0.32,82.0,78.0,98.0,0.12,10.9601,78.0766
Krishnagiri,Tamil Nadu,1879809,0.44,71.0,66.0,95.5,0.19,12.5186,78.2137
Madurai,Tamil Nadu,3038252,0.26,86.0,82.0,98.5,0.1,9.9252,78.1198
Mayiladuthurai,Tamil Nadu,918356,0.39,75.0,70.0,96.5,0.16,11.1018,79.6522
Nagapattinam,Tamil Nadu,697061,0.41,73.0,69.0,96.0,0.17,10.7672,79.8449
Namakkal,Tamil Nadu,1726601,0.28,84.0,80.0,98.2,0.11,11.2189,78.1674
Nilgiris,Tamil Nadu,735394,0.25,85.0,83.0,98.0,0.1,11.4916,76.7337
Perambalur,Tamil Nadu,565223,0.45,70.0,65.0,95.0,0.2,11.2342,78.882
Pudukkottai,Tamil Nadu,1618345,0.43,72.0,67.0,96.0,0.18,10.3797,78.8202
Ramanathapuram,Tamil Nadu,1353445,0.46,69.0,62.0,95.5,0.2,9.3639,78.8395
Ranipet,Tamil Nadu,1210277,0.31,83.0,79.0,98.0,0.12,12.9286,79.3331
Salem,Tamil Nadu,3482056,0.29,85.0,81.0,98.4,0.11,11.6643,78.146
Sivaganga,Tamil Nadu,1339101,0.37,77.0,73.0,97.0,0.15,9.8433,78.4809
Tenkasi,Tamil Nadu,1407627,0.33,81.0,77.0,97.8,0.13,8.9593,77.313
Thanjavur,Tamil Nadu,2405890,0.34,80.0,76.0,97.5,0.13,10.787,79.1378
Theni,Tamil Nadu,1245899,0.3,83.0,80.0,98.0,0.12,10.0104,77.4768
Thoothukudi,Tamil Nadu,1750176,0.27,86.0,83.0,98.6,0.1,8.7642,78.1348
Tiruchirappalli,Tamil Nadu,2722290,0.23,88.0,85.0,99.0,0.08,10.7905,78.7047
Tirunelveli,Tamil Nadu,1665253,0.28,85.0,81.0,98.5,0.11,8.7139,77.7567
Tirupathur,Tamil Nadu,1111812,0.4,74.0,70.0,96.5,0.16,12.4927,78.5684
Tiruppur,Tamil Nadu,2479052,0.21,90.0,87.0,99.1,0.07,11.1085,77.3411
Tiruvallur,Tamil Nadu,3728104,0.24,87.0,84.0,98.8,0.09,13.1433,79.9079
Tiruvannamalai,Tamil Nadu,2464875,0.47,69.0,64.0,95.0,0.2,12.2253,79.0747
Tiruvarur,Tamil Nadu,1264277,0.38,76.0,71.0,97.0,0.15,10.7725,79.6365
Vellore,Tamil Nadu,1614242,0.32,82.0,78.0,98.0,0.12,12.9165,79.1325
Viluppuram,Tamil Nadu,2092703,0.49,67.0,62.0,94.5,0.22,11.9401,79.4861
Virudhunagar,Tamil Nadu,1942288,0.3,84.0,80.0,98.2,0.11,9.568,77.9624
Alluri Sitharama Raju,Andhra Pradesh,953960,0.65,52.0,48.0,88.0,0.32,18.0673,82.5298
Anakapalli,Andhra Pradesh,1726998,0.38,76.0,72.0,97.0,0.16,17.6896,83.0024
Ananthapuramu,Andhra Pradesh,2241105,0.45,70.0,62.0,95.0,0.2,14.6819,77.6006
Annamayya,Andhra Pradesh,1697308,0.44,71.0,65.0,95.5,0.19,14.0722,78.7523
Bapatla,Andhra Pradesh,1586918,0.36,78.0,74.0,97.2,0.14,15.9042,80.4676
Chittoor,Andhra Pradesh,1872951,0.35,79.0,75.0,97.5,0.14,13.2172,79.1003
Dr. B.R. Ambedkar Konaseema,Andhra Pradesh,1719093,0.33,81.0,78.0,98.0,0.13,16.5744,82.0006
East Godavari,Andhra Pradesh,1832332,0.31,83.0,80.0,98.2,0.12,17.0005,81.804
Eluru,Andhra Pradesh,2071700,0.37,77.0,73.0,97.0,0.15,16.7107,81.1035
Guntur,Andhra Pradesh,2091075,0.28,85.0,82.0,98.5,0.11,16.3067,80.4365
Kakinada,Andhra Pradesh,2092374,0.3,84.0,81.0,98.4,0.11,16.9891,82.2475
Kurnool,Andhra Pradesh,2271686,0.46,69.0,63.0,94.8,0.2,15.8281,78.0373
Nandyal,Andhra Pradesh,1781777,0.42,73.0,68.0,96.0,0.18,15.4781,78.4836
NTR,Andhra Pradesh,2218591,0.22,89.0,87.0,99.0,0.08,16.5062,80.648
Palnadu,Andhra Pradesh,2041723,0.4,74.0,70.0,96.2,0.16,16.2405,79.9866
Parvathipuram Manyam,Andhra Pradesh,925340,0.58,58.0,54.0,91.0,0.28,18.7758,83.4285
Prakasam,Andhra Pradesh,2288026,0.43,72.0,66.0,95.8,0.18,15.5057,80.0499
Sri Potti Sriramulu Nellore,Andhra Pradesh,2469712,0.34,80.0,76.0,97.6,0.13,14.4426,79.9865
Sri Sathya Sai,Andhra Pradesh,1840043,0.47,68.0,61.0,94.2,0.21,14.1643,77.8105
Srikakulam,Andhra Pradesh,2191471,0.48,67.0,63.0,94.0,0.22,18.2969,83.8968
Tirupati,Andhra Pradesh,2196984,0.29,85.0,83.0,98.6,0.11,13.6288,79.4192
Visakhapatnam,Andhra Pradesh,1959544,0.2,90.0,88.0,99.2,0.07,17.6868,83.2185
Vizianagaram,Andhra Pradesh,1930840,0.46,69.0,64.0,94.5,0.21,18.1066,83.3956
West Godavari,Andhra Pradesh,1779935,0.32,82.0,79.0,98.0,0.12,16.7107,81.1035
YSR Kadapa,Andhra Pradesh,2060654,0.39,75.0,71.0,96.5,0.16,14.4673,78.8242
Adilabad,Telangana,708972,0.54,62.0,58.0,92.0,0.26,19.6641,78.532
Bhadradri Kothagudem,Telangana,1069261,0.5,65.0,61.0,93.5,0.23,17.5524,80.6174
Hanamkonda,Telangana,1083946,0.27,86.0,83.0,98.5,0.1,18.0,79.58
Hyderabad,Telangana,3943323,0.14,93.0,90.0,99.5,0.05,17.385,78.4867
Jagtial,Telangana,985417,0.38,76.0,72.0,97.0,0.15,18.7942,78.9124
Jangaon,Telangana,566376,0.42,73.0,68.0,96.0,0.18,17.7226,79.1517
Jayashankar Bhupalpally,Telangana,412282,0.55,60.0,56.0,91.5,0.27,18.4312,79.8631
Jogulamba Gadwal,Telangana,609990,0.48,68.0,63.0,94.5,0.22,16.2342,77.8016
Kamareddy,Telangana,972625,0.43,72.0,67.0,96.0,0.18,18.3168,78.3414
Karimnagar,Telangana,1005711,0.29,84.0,81.0,98.2,0.11,18.4386,79.1288
Khammam,Telangana,1401639,0.35,79.0,75.0,97.4,0.14,17.2473,80.1514
Kumuram Bheem Asifabad,Telangana,515812,0.59,56.0,52.0,90.0,0.29,19.3621,79.2842
Mahabubabad,Telangana,774549,0.47,69.0,64.0,95.0,0.21,17.5986,80.0039
Mahabubnagar,Telangana,1486777,0.44,71.0,66.0,95.8,0.19,16.7488,77.9856
Mancherial,Telangana,807037,0.41,74.0,70.0,96.4,0.17,18.8682,79.4623
Medak,Telangana,767428,0.42,73.0,69.0,96.0,0.18,18.0453,78.2616
Medchal-Malkajgiri,Telangana,2440073,0.18,91.0,88.0,99.2,0.06,17.5452,78.567
Mulugu,Telangana,294971,0.61,54.0,50.0,89.0,0.3,18.1923,79.9416
Nagarkurnool,Telangana,861766,0.49,67.0,62.0,94.0,0.22,16.4854,78.3347
Nalgonda,Telangana,1618416,0.37,77.0,73.0,97.0,0.15,17.0577,79.2684
Narayanpet,Telangana,566874,0.51,64.0,59.0,93.0,0.24,16.7441,77.4981
Nirmal,Telangana,709415,0.46,69.0,65.0,95.0,0.2,19.0964,78.3435
Nizamabad,Telangana,1571022,0.33,81.0,77.0,97.8,0.13,18.6725,78.0941
Peddapalli,Telangana,795332,0.36,78.0,74.0,97.2,0.14,18.6148,79.3789
Rajanna Sircilla,Telangana,552037,0.39,75.0,71.0,96.5,0.16,18.3846,78.8021
Ranga Reddy,Telangana,2446265,0.19,90.0,88.0,99.1,0.07,17.28,78.41
Sangareddy,Telangana,1527628,0.31,83.0,79.0,98.0,0.12,17.6193,78.0817
Siddipet,Telangana,1012065,0.34,80.0,76.0,97.5,0.13,18.1018,78.852
Suryapet,Telangana,1099560,0.38,76.0,72.0,97.0,0.15,17.1439,79.6239
Vikarabad,Telangana,927140,0.45,70.0,65.0,95.2,0.2,17.3364,77.9048
Wanaparthy,Telangana,577758,0.44,71.0,66.0,95.5,0.19,16.3622,78.0624
Warangal,Telangana,718847,0.32,82.0,78.0,98.0,0.12,17.9689,79.5941
Yadadri Bhuvanagiri,Telangana,739448,0.35,79.0,75.0,97.4,0.14,17.5103,78.8879
Krishna,Andhra Pradesh,1735079,0.31,83.0,80.0,98.2,0.11,16.1809,81.1303
Alappuzha,Kerala,2127789,0.08,92.5,88.0,99.5,0.02,9.4981,76.3388
Ernakulam,Kerala,3282388,0.05,96.0,93.0,99.8,0.01,9.9816,76.2999
Idukki,Kerala,1108974,0.12,86.0,82.0,98.5,0.04,9.8494,76.972
Kannur,Kerala,2523003,0.07,93.0,89.0,99.6,0.02,11.8745,75.3704
Kasaragod,Kerala,1307375,0.09,91.0,86.0,99.2,0.03,12.5102,74.9852
Kollam,Kerala,2635375,0.07,94.0,90.0,99.6,0.02,8.8932,76.6141
Kottayam,Kerala,1974551,0.04,96.5,94.0,99.9,0.01,9.5916,76.5222
Kozhikode,Kerala,3086293,0.06,95.0,91.5,99.7,0.02,11.2588,75.7804
Malappuram,Kerala,4112920,0.08,93.0,88.5,99.5,0.02,11.051,76.0711
Palakkad,Kerala,2809934,0.1,90.0,85.0,99.0,0.03,10.7867,76.6548
Pathanamthitta,Kerala,1197412,0.05,95.5,92.0,99.8,0.01,9.2648,76.787
Thiruvananthapuram,Kerala,3301427,0.06,95.0,92.5,99.8,0.01,8.5241,76.9366
Thrissur,Kerala,3121200,0.06,94.5,91.0,99.7,0.02,10.5276,76.2144
Wayanad,Kerala,817420,0.14,85.0,80.0,98.0,0.05,11.6854,76.132
Bagalkot,Karnataka,1889752,0.35,78.0,72.0,97.0,0.14,16.1691,75.6615
Ballari,Karnataka,1401101,0.38,76.0,70.0,96.5,0.16,15.1394,76.9214
Belagavi,Karnataka,4779661,0.28,84.0,80.0,98.2,0.1,15.8497,74.4977
Bengaluru Rural,Karnataka,990923,0.18,90.0,87.0,99.2,0.06,13.2385,77.5752
Bengaluru Urban,Karnataka,9621551,0.09,96.0,92.0,99.8,0.03,12.9716,77.5946
Bidar,Karnataka,1703300,0.42,73.0,68.0,95.5,0.18,17.9104,77.5199
Chamarajanagar,Karnataka,1020790,0.36,77.0,73.0,97.0,0.15,11.9261,76.9437
Chikkaballapura,Karnataka,1255104,0.3,82.0,78.0,98.0,0.11,13.4325,77.7275
Chikkamagaluru,Karnataka,1137961,0.22,87.0,84.0,98.8,0.08,13.3161,75.772
Chitradurga,Karnataka,1659456,0.34,79.0,74.0,97.2,0.13,14.2251,76.398
Dakshina Kannada,Karnataka,2089649,0.12,92.0,89.0,99.4,0.04,12.8703,74.8806
Davanagere,Karnataka,1945497,0.28,83.0,79.0,98.0,0.1,14.4644,75.9218
Dharwad,Karnataka,1847023,0.2,88.0,85.0,99.0,0.07,15.4589,75.0078
Gadag,Karnataka,1064570,0.32,80.0,75.0,97.5,0.12,15.4313,75.6355
Hassan,Karnataka,1776421,0.24,86.0,82.0,98.5,0.09,13.0033,76.1004
Haveri,Karnataka,1597668,0.33,79.0,74.5,97.3,0.13,14.7954,75.3991
Kalaburagi,Karnataka,2566326,0.44,72.0,67.0,95.0,0.19,17.3297,76.8343
Kodagu,Karnataka,554519,0.15,91.0,88.0,99.3,0.05,12.3375,75.8069
Kolar,Karnataka,1536401,0.31,81.0,77.0,97.8,0.12,13.1367,78.1291
Koppal,Karnataka,1389920,0.45,71.0,66.0,95.0,0.2,15.3456,76.1554
Mandya,Karnataka,1805769,0.25,86.0,83.0,98.6,0.09,12.5218,76.8951
Mysuru,Karnataka,3001127,0.2,89.0,86.0,99.1,0.07,12.2958,76.6394
Raichur,Karnataka,1928812,0.48,69.0,64.0,94.5,0.22,16.212,77.3439
Ramanagara,Karnataka,1082636,0.26,85.0,81.0,98.4,0.09,12.7159,77.281
Shivamogga,Karnataka,1752759,0.21,88.0,85.0,99.0,0.07,13.9299,75.5681
Tumakuru,Karnataka,2678480,0.29,83.0,79.0,98.0,0.11,13.3379,77.101
Udupi,Karnataka,1177361,0.11,93.0,90.0,99.5,0.03,13.3409,74.7421
Uttara Kannada,Karnataka,1437169,0.19,88.0,84.5,99.0,0.07,14.7997,74.6869
Vijayanagara,Karnataka,1350000,0.4,75.0,69.0,96.0,0.17,15.2743,76.3887
Vijayapura,Karnataka,2177331,0.39,75.5,70.0,96.5,0.16,16.8302,75.71
Yadgir,Karnataka,1174271,0.5,67.0,62.0,94.0,0.24,16.7704,77.1376
Ahmednagar,Maharashtra,4543159,0.24,86.0,82.0,98.6,0.09,19.0952,74.748
Akola,Maharashtra,1813906,0.26,85.0,81.0,98.4,0.1,20.7002,77.0082
Amravati,Maharashtra,2888445,0.27,84.0,80.0,98.2,0.11,20.9374,77.7796
Chhatrapati Sambhaji Nagar,Maharashtra,3701282,0.23,87.0,83.0,98.8,0.09,19.8762,75.3433
Beed,Maharashtra,2585049,0.32,80.0,75.0,97.5,0.13,18.9891,75.7601
Bhandara,Maharashtra,1200334,0.25,85.0,81.0,98.5,0.09,21.1714,79.6548
Buldhana,Maharashtra,2586258,0.3,82.0,77.0,98.0,0.12,20.5312,76.1848
Chandrapur,Maharashtra,2204307,0.29,83.0,79.0,98.0,0.11,19.9615,79.2961
Dhule,Maharashtra,2050862,0.31,81.0,76.0,97.8,0.12,20.9042,74.7749
Gadchiroli,Maharashtra,1072942,0.46,68.0,63.0,94.5,0.21,20.1809,80.0039
Gondia,Maharashtra,1322507,0.28,83.0,79.0,98.2,0.1,21.4624,80.1961
Hingoli,Maharashtra,1177345,0.34,79.0,74.0,97.2,0.14,19.7196,77.1471
Jalgaon,Maharashtra,4229917,0.25,86.0,82.0,98.7,0.09,21.0077,75.5626
Jalna,Maharashtra,1959046,0.31,81.0,76.0,97.8,0.12,19.841,75.8864
Kolhapur,Maharashtra,3876001,0.15,91.0,88.0,99.4,0.05,16.705,74.2433
Latur,Maharashtra,2455543,0.27,84.0,79.5,98.3,0.1,18.4088,76.5604
Mumbai City,Maharashtra,3085411,0.04,98.0,95.0,99.9,0.01,18.9388,72.8354
Mumbai Suburban,Maharashtra,9356962,0.06,97.0,94.0,99.8,0.02,19.1136,72.8697
Nagpur,Maharashtra,4653570,0.14,92.0,89.0,99.5,0.05,21.1458,79.0882
Nanded,Maharashtra,3361292,0.33,79.0,74.0,97.4,0.13,19.1383,77.321
Nandurbar,Maharashtra,1648295,0.49,66.0,60.0,94.0,0.23,21.3705,74.2409
Nashik,Maharashtra,6107187,0.19,89.0,86.0,99.1,0.07,19.9975,73.7898
Dharashiv,Maharashtra,1657576,0.29,82.0,78.0,98.0,0.11,18.1856,76.0416
Palghar,Maharashtra,2990116,0.26,85.0,81.0,98.4,0.1,19.6967,72.7655
Parbhani,Maharashtra,1836086,0.31,81.0,76.0,97.8,0.12,19.2686,76.7708
Pune,Maharashtra,9429408,0.08,95.0,92.0,99.7,0.03,18.5204,73.8567
Raigad,Maharashtra,2634200,0.16,91.0,87.0,99.3,0.05,18.5158,73.1822
Ratnagiri,Maharashtra,1615069,0.17,90.0,86.5,99.2,0.06,16.9902,73.312
Sangli,Maharashtra,2822143,0.18,89.5,86.0,99.2,0.06,16.8524,74.5815
Satara,Maharashtra,3003741,0.16,91.0,87.5,99.4,0.05,17.6805,74.0183
Sindhudurg,Maharashtra,849651,0.13,92.0,89.0,99.5,0.04,16.1215,73.6937
Solapur,Maharashtra,4317756,0.22,87.0,83.5,98.8,0.08,17.6599,75.9064
Thane,Maharashtra,8070032,0.08,95.0,92.0,99.7,0.03,19.2183,72.9781
Wardha,Maharashtra,1300774,0.21,88.0,84.0,99.0,0.07,20.7453,78.6022
Washim,Maharashtra,1197160,0.3,82.0,77.0,98.0,0.11,20.111,77.1352
Yavatmal,Maharashtra,2772348,0.34,78.0,74.0,97.3,0.14,20.3888,78.1204
Ahmedabad,Gujarat,7214225,0.07,96.0,93.0,99.8,0.02,23.0225,72.5714
Amreli,Gujarat,1514120,0.24,86.0,82.0,98.7,0.08,21.6032,71.2221
Anand,Gujarat,2092745,0.14,92.0,89.0,99.4,0.05,22.5645,72.9289
Aravalli,Gujarat,1039914,0.28,83.0,79.0,98.2,0.1,23.5414,73.1818
Banaskantha,Gujarat,3120506,0.32,80.0,75.0,97.6,0.13,24.1724,72.4346
Bharuch,Gujarat,1551019,0.15,91.0,88.0,99.3,0.05,21.7051,72.9959
Bhavnagar,Gujarat,2880365,0.2,88.0,85.0,99.1,0.07,21.7645,72.1519
Botad,Gujarat,652556,0.23,86.0,82.5,98.8,0.08,22.1706,71.6664
Chhota Udaipur,Gujarat,1071831,0.39,74.0,68.0,96.0,0.17,22.3082,74.0128
Dahod,Gujarat,2127086,0.44,71.0,65.0,95.0,0.2,22.8376,74.2547
Dang,Gujarat,228291,0.48,68.0,62.0,94.5,0.22,20.785,73.6896
Devbhumi Dwarka,Gujarat,752484,0.22,87.0,83.0,98.9,0.08,22.24,68.9685
Gandhinagar,Gujarat,1391753,0.08,95.0,92.0,99.7,0.03,23.2156,72.6369
Gir Somnath,Gujarat,1217477,0.21,88.0,84.0,99.0,0.07,20.9042,70.3676
Jamnagar,Gujarat,2160119,0.18,90.0,86.5,99.2,0.06,22.4707,70.0577
Junagadh,Gujarat,2743082,0.19,89.0,85.5,99.1,0.07,21.5222,70.4579
Kheda,Gujarat,2299885,0.18,90.0,86.5,99.2,0.06,22.7533,72.6841
Kutch,Gujarat,2092371,0.24,85.5,81.5,98.7,0.09,23.242,69.6669
Mahisagar,Gujarat,994624,0.31,81.0,76.5,97.9,0.12,23.1655,73.5703
Mehsana,Gujarat,2035064,0.12,93.0,90.0,99.5,0.04,23.588,72.3693
Morbi,Gujarat,960329,0.17,90.5,87.0,99.3,0.06,22.812,70.8236
Narmada,Gujarat,590297,0.36,77.0,71.0,97.0,0.15,21.8708,73.5594
Navsari,Gujarat,1329672,0.13,92.5,89.5,99.4,0.04,20.95,72.93
Panchmahal,Gujarat,2390776,0.34,79.0,73.5,97.3,0.14,22.7758,73.6149
Patan,Gujarat,1343734,0.27,84.0,79.5,98.3,0.1,23.8493,72.1266
Porbandar,Gujarat,585449,0.16,91.0,87.5,99.3,0.05,21.6417,69.6293
Rajkot,Gujarat,3804558,0.1,94.0,91.0,99.6,0.03,22.3039,70.8022
Sabarkantha,Gujarat,2428697,0.25,85.0,81.0,98.5,0.09,23.5977,73.0645
Surat,Gujarat,6081322,0.06,96.5,93.5,99.8,0.02,21.1702,72.8311
Surendranagar,Gujarat,1756268,0.26,84.5,80.0,98.4,0.1,22.7284,71.6371
Tapi,Gujarat,807022,0.35,78.0,72.0,97.1,0.14,21.2185,73.4357
Vadodara,Gujarat,4165626,0.09,95.0,91.5,99.7,0.03,22.3072,73.1812
Valsad,Gujarat,1705678,0.15,91.5,88.0,99.3,0.05,20.5992,72.9342
Angul,Odisha,1273821,0.28,83.0,77.0,98.0,0.11,20.8394,85.1013
Balangir,Odisha,1648997,0.42,72.0,65.0,95.5,0.19,20.7107,83.4867
Balasore,Odisha,2320529,0.26,84.5,79.0,98.3,0.1,21.4934,86.9135
Bargarh,Odisha,1481255,0.33,79.0,73.0,97.2,0.13,21.3331,83.619
Bhadrak,Odisha,1506522,0.25,85.0,80.0,98.5,0.09,21.0574,86.5009
Boudh,Odisha,441162,0.44,70.0,63.0,95.0,0.2,20.8358,84.3267
Cuttack,Odisha,2624470,0.16,91.0,87.0,99.3,0.05,20.4625,85.8828
Deogarh,Odisha,312520,0.43,71.0,64.0,95.0,0.19,21.5367,84.7333
Dhenkanal,Odisha,1192811,0.29,82.0,76.0,97.9,0.11,20.6603,85.596
Gajapati,Odisha,577817,0.47,67.0,60.0,94.5,0.22,18.8105,84.1565
Ganjam,Odisha,3529031,0.29,82.5,76.5,98.0,0.11,19.38,85.06
Jagatsinghpur,Odisha,1136971,0.2,88.0,84.0,99.0,0.07,20.2648,86.1704
Jajpur,Odisha,1827192,0.27,83.5,78.0,98.1,0.1,20.8524,86.3364
Jharsuguda,Odisha,579505,0.22,87.0,82.0,98.9,0.08,21.8554,84.0062
Kalahandi,Odisha,1576869,0.46,68.0,61.0,94.8,0.21,19.9137,83.1649
Kandhamal,Odisha,733110,0.51,64.0,57.0,93.8,0.25,20.4439,84.2323
Kendrapara,Odisha,1440361,0.24,86.0,80.5,98.6,0.09,20.5015,86.4215
Kendujhar,Odisha,1801733,0.4,73.5,66.5,96.0,0.17,21.6289,85.5817
Khordha,Odisha,2251673,0.12,93.0,90.0,99.5,0.04,20.1837,85.6171
Koraput,Odisha,1379647,0.49,65.0,58.0,94.0,0.23,18.8135,82.7123
Malkangiri,Odisha,613192,0.54,62.0,55.0,93.0,0.27,18.3436,81.8967
Mayurbhanj,Odisha,2519738,0.45,70.0,63.0,95.2,0.2,21.9282,86.7454
Nabarangpur,Odisha,1220946,0.52,63.0,56.0,93.5,0.26,19.2314,82.5511
Nayagarh,Odisha,962789,0.27,83.5,78.0,98.2,0.1,20.1265,85.1064
Nuapada,Odisha,610382,0.45,69.0,62.0,95.0,0.2,20.835,82.52
Puri,Odisha,1698730,0.2,88.0,84.0,99.0,0.07,19.8135,85.8312
Rayagada,Odisha,965211,0.48,66.0,59.0,94.2,0.22,19.1718,83.4163
Sambalpur,Odisha,1041099,0.24,86.0,81.0,98.7,0.09,21.4669,83.9812
Subarnapur,Odisha,610183,0.35,77.0,71.0,97.0,0.15,20.8397,83.9142
Sundargarh,Odisha,2093437,0.3,81.5,75.5,97.8,0.12,22.1197,84.0378
Alipurduar,West Bengal,1491250,0.3,82.0,76.0,97.8,0.11,26.4919,89.5271
Bankura,West Bengal,3596674,0.32,80.0,74.0,97.5,0.13,23.2324,87.0715
Birbhum,West Bengal,3502404,0.33,79.0,73.0,97.3,0.14,23.9054,87.5246
Cooch Behar,West Bengal,2819086,0.31,81.0,75.0,97.7,0.12,26.3452,89.4482
Dakshin Dinajpur,West Bengal,1676276,0.34,78.5,72.5,97.2,0.14,25.2215,88.7665
Darjeeling,West Bengal,1846823,0.2,88.0,84.0,99.0,0.07,27.041,88.2663
Hooghly,West Bengal,5519145,0.15,92.0,88.5,99.4,0.05,22.9,88.39
Howrah,West Bengal,4850029,0.11,94.0,91.0,99.6,0.04,22.5958,88.2636
Jalpaiguri,West Bengal,3872846,0.27,84.0,79.0,98.2,0.1,26.5405,88.7194
Jhargram,West Bengal,1136548,0.38,75.0,68.0,96.5,0.16,22.4539,86.984
Kalimpong,West Bengal,251642,0.19,89.0,85.0,99.1,0.07,27.0667,88.4667
Kolkata,West Bengal,4496694,0.05,97.5,94.5,99.9,0.01,22.5726,88.3639
Malda,West Bengal,3988845,0.36,76.5,70.0,96.8,0.15,25.0108,88.1411
Murshidabad,West Bengal,7103807,0.35,77.0,71.0,97.0,0.15,24.1759,88.2802
Nadia,West Bengal,5167600,0.21,88.0,84.0,99.0,0.07,23.471,88.5565
North 24 Parganas,West Bengal,10009781,0.12,93.5,90.0,99.5,0.04,22.721,88.4816
Paschim Bardhaman,West Bengal,2882031,0.18,90.0,86.0,99.2,0.06,23.6889,86.9661
Paschim Medinipur,West Bengal,5913457,0.31,81.0,75.0,97.6,0.12,22.4257,87.3199
Purba Bardhaman,West Bengal,4835532,0.22,87.0,83.0,98.9,0.08,23.2324,87.8615
Purba Medinipur,West Bengal,5095875,0.2,88.5,84.5,99.1,0.07,21.93,87.77
Purulia,West Bengal,2930115,0.42,72.0,65.0,95.5,0.19,23.332,86.3652
South 24 Parganas,West Bengal,8161961,0.23,86.5,82.0,98.8,0.08,22.18,88.45
Uttar Dinajpur,West Bengal,3007134,0.44,71.0,64.0,95.0,0.2,25.62,88.12
Amritsar,Punjab,2490656,0.1,94.0,91.0,99.6,0.03,31.634,74.8723
Barnala,Punjab,595527,0.12,93.0,89.5,99.5,0.04,30.3819,75.547
Bathinda,Punjab,1388525,0.14,91.5,88.0,99.3,0.05,30.211,74.9455
Faridkot,Punjab,617508,0.13,92.0,88.5,99.4,0.04,30.6769,74.7583
Fatehgarh Sahib,Punjab,600163,0.08,95.0,92.5,99.7,0.02,30.6475,76.398
Fazilka,Punjab,1180483,0.19,88.5,84.0,99.0,0.07,30.4042,74.0264
Ferozepur,Punjab,2029074,0.18,89.0,85.0,99.1,0.06,30.9237,74.6065
Gurdaspur,Punjab,2298323,0.12,93.0,89.5,99.5,0.04,32.0419,75.4053
Hoshiarpur,Punjab,1586625,0.09,94.5,91.5,99.7,0.03,31.5273,75.9149
Jalandhar,Punjab,2193590,0.08,95.0,92.0,99.7,0.02,31.326,75.5762
Kapurthala,Punjab,815168,0.1,93.5,90.5,99.6,0.03,31.38,75.38
Ludhiana,Punjab,3498739,0.07,96.0,93.0,99.8,0.02,30.901,75.8573
Malerkotla,Punjab,452016,0.13,92.0,88.5,99.4,0.04,30.5284,75.8894
Mansa,Punjab,769751,0.17,90.0,86.0,99.2,0.06,29.9984,75.3941
Moga,Punjab,995746,0.12,93.0,89.5,99.5,0.04,30.8165,75.1717
Muktsar,Punjab,901896,0.16,90.5,86.5,99.2,0.05,30.4762,74.5173
Pathankot,Punjab,676598,0.11,93.5,90.0,99.5,0.03,32.2643,75.6527
Patiala,Punjab,1895686,0.09,94.5,91.5,99.7,0.03,30.3398,76.3869
Rupnagar,Punjab,684627,0.09,94.5,91.5,99.7,0.03,30.9664,76.5331
Sahibzada Ajit Singh Nagar,Punjab,994628,0.06,96.5,94.0,99.9,0.02,30.7046,76.7179
Sangrur,Punjab,1655169,0.12,93.0,89.5,99.5,0.04,30.2458,75.8421
Shahid Bhagat Singh Nagar,Punjab,612310,0.08,95.0,92.5,99.7,0.02,31.1264,76.1203
Tarn Taran,Punjab,1119627,0.15,91.0,87.5,99.3,0.05,31.4519,74.9272
Bajali,Assam,253816,0.22,87.0,80.0,98.0,0.08,26.5,91.17
Baksa,Assam,950075,0.33,78.0,70.0,96.5,0.14,26.65,91.35
Barpeta,Assam,1693622,0.35,76.0,68.0,96.0,0.15,26.3211,91.0064
Biswanath,Assam,612491,0.3,80.0,72.0,97.0,0.12,26.73,93.15
Bongaigaon,Assam,738804,0.26,83.5,76.0,97.8,0.1,26.5024,90.5583
Cachar,Assam,1736617,0.25,84.5,78.0,98.0,0.09,24.8333,92.8
Charaideo,Assam,471418,0.28,82.0,75.0,97.4,0.11,26.93,94.92
Chirang,Assam,482162,0.36,75.0,67.0,95.8,0.15,26.55,90.5
Darrang,Assam,928500,0.37,74.0,66.0,95.5,0.16,26.45,92.03
Dhemaji,Assam,686133,0.38,73.0,65.0,95.0,0.17,27.48,94.58
Dhubri,Assam,1949258,0.44,69.0,61.0,94.0,0.21,26.02,89.98
Dibrugarh,Assam,1326335,0.18,90.0,85.0,99.0,0.06,27.4728,94.912
Dima Hasao,Assam,214102,0.32,78.0,70.0,96.5,0.13,25.18,93.02
Goalpara,Assam,1008183,0.34,77.0,69.0,96.2,0.14,26.17,90.62
Golaghat,Assam,1066888,0.24,85.0,78.5,98.1,0.09,26.52,93.97
Hailakandi,Assam,659296,0.31,79.5,72.0,97.0,0.13,24.68,92.56
Hojai,Assam,931218,0.27,83.0,76.0,97.7,0.1,26.0,92.86
Jorhat,Assam,1092256,0.17,91.0,86.0,99.1,0.06,26.7509,94.2037
Kamrup,Assam,1517542,0.23,86.0,80.0,98.4,0.08,26.32,91.6
Kamrup Metropolitan,Assam,1253938,0.09,95.0,91.0,99.7,0.03,26.1445,91.7362
Karbi Anglong,Assam,956313,0.4,71.0,63.0,94.8,0.18,26.0,93.4
Karimganj,Assam,1228686,0.3,80.0,73.0,97.2,0.12,24.87,92.35
Kokrajhar,Assam,887142,0.35,76.0,68.0,96.0,0.15,26.4,90.27
Lakhimpur,Assam,1042137,0.31,79.0,71.5,97.0,0.12,27.23,94.1
Majuli,Assam,167304,0.29,81.0,73.0,97.2,0.11,26.95,94.21
Morigaon,Assam,957423,0.33,78.0,70.0,96.6,0.14,26.25,92.34
Nagaon,Assam,2823768,0.28,82.5,75.5,97.6,0.11,26.35,92.68
Nalbari,Assam,771639,0.24,85.5,79.0,98.2,0.09,26.44,91.44
Sivasagar,Assam,1151050,0.18,90.0,85.0,99.0,0.06,26.9826,94.6425
Sonitpur,Assam,1924110,0.26,84.0,77.0,98.0,0.1,26.65,92.8
South Salmara-Mankachar,Assam,555114,0.46,67.0,59.0,93.5,0.22,25.68,89.87
Tamulpur,Assam,389150,0.32,79.0,71.0,96.8,0.13,26.63,91.57
Tinsukia,Assam,1327929,0.22,87.0,81.0,98.5,0.08,27.5,95.36
Udalguri,Assam,831668,0.34,77.5,69.5,96.4,0.14,26.75,92.1
West Karbi Anglong,Assam,295358,0.42,70.0,62.0,94.5,0.19,25.75,92.6
Agra,Uttar Pradesh,4418797,0.18,91.0,86.0,99.0,0.07,27.1767,78.0081
Aligarh,Uttar Pradesh,3673889,0.22,87.0,82.0,98.5,0.09,27.8974,78.088
Ambedkar Nagar,Uttar Pradesh,2397888,0.29,82.0,76.0,97.8,0.12,26.4497,82.6837
Amethi,Uttar Pradesh,1867990,0.31,80.0,74.0,97.5,0.13,26.1558,81.8155
Amroha,Uttar Pradesh,1840221,0.24,85.0,80.0,98.3,0.1,28.9044,78.4682
Auraiya,Uttar Pradesh,1379545,0.25,84.5,79.0,98.2,0.1,26.467,79.516
Ayodhya,Uttar Pradesh,2470996,0.2,89.0,84.5,99.0,0.07,26.7922,82.1998
Azamgarh,Uttar Pradesh,4613913,0.3,81.0,75.0,97.6,0.12,26.0683,83.1837
Baghpat,Uttar Pradesh,1303048,0.15,92.5,88.0,99.3,0.05,28.9449,77.2244
Bahraich,Uttar Pradesh,3487731,0.49,66.0,58.0,94.0,0.23,27.575,81.5947
Ballia,Uttar Pradesh,3239774,0.28,83.0,77.0,98.0,0.11,25.76,84.15
Balrampur,Uttar Pradesh,2148665,0.48,67.0,59.0,94.2,0.22,27.43,82.18
Banda,Uttar Pradesh,1799410,0.39,74.0,66.0,96.0,0.17,25.4754,80.3377
Barabanki,Uttar Pradesh,3260699,0.32,80.0,74.0,97.4,0.13,26.9268,81.1834
Bareilly,Uttar Pradesh,4448359,0.22,87.5,82.5,98.7,0.08,28.367,79.4304
Basti,Uttar Pradesh,2464464,0.33,79.0,73.0,97.2,0.14,26.7997,82.7533
Bhadohi,Uttar Pradesh,1578213,0.26,84.0,78.5,98.1,0.1,25.3957,82.5694
Bijnor,Uttar Pradesh,3682713,0.21,88.0,83.5,98.8,0.08,29.3732,78.1354
Budaun,Uttar Pradesh,3681896,0.36,76.0,70.0,96.8,0.15,28.0336,79.1248
Bulandshahr,Uttar Pradesh,3499171,0.18,90.5,86.0,99.1,0.07,28.4069,77.8498
Chandauli,Uttar Pradesh,1952756,0.3,81.5,75.5,97.8,0.12,25.2604,83.2687
Chitrakoot,Uttar Pradesh,991730,0.42,72.0,64.0,95.5,0.19,25.1768,80.871
Deoria,Uttar Pradesh,3100946,0.27,84.0,78.0,98.2,0.1,26.5023,83.7791
Etah,Uttar Pradesh,1774480,0.27,83.5,78.0,98.0,0.11,27.5583,78.6653
Etawah,Uttar Pradesh,1581810,0.21,88.5,84.0,98.9,0.08,26.7855,79.0154
Farrukhabad,Uttar Pradesh,1905225,0.28,83.0,77.5,98.0,0.11,27.3826,79.5828
Fatehpur,Uttar Pradesh,2632733,0.33,79.0,73.0,97.3,0.14,25.9282,80.813
Firozabad,Uttar Pradesh,2498156,0.23,86.5,81.5,98.6,0.09,27.1592,78.3957
Gautam Buddha Nagar,Uttar Pradesh,1648195,0.06,97.0,94.0,99.8,0.02,28.4744,77.504
Ghaziabad,Uttar Pradesh,4681645,0.07,96.0,93.0,99.7,0.03,28.6692,77.4538
Ghazipur,Uttar Pradesh,3620268,0.28,83.0,77.0,98.0,0.11,25.584,83.577
Gonda,Uttar Pradesh,3433919,0.44,70.0,62.0,95.0,0.2,27.13,81.96
Gorakhpur,Uttar Pradesh,4440895,0.21,88.5,84.0,99.0,0.08,26.7606,83.3732
Hamirpur,Uttar Pradesh,1104285,0.37,75.0,68.0,96.5,0.16,25.9555,80.1517
Hapur,Uttar Pradesh,1338311,0.16,91.5,87.0,99.2,0.06,28.7306,77.7759
Hardoi,Uttar Pradesh,4092845,0.36,76.5,70.0,96.9,0.15,27.395,80.131
Hathras,Uttar Pradesh,1564708,0.22,87.0,82.5,98.6,0.09,27.5968,78.0519
Jalaun,Uttar Pradesh,1689974,0.27,83.5,78.0,98.1,0.11,26.145,79.336
Jaunpur,Uttar Pradesh,4494204,0.27,84.0,78.5,98.2,0.1,25.7464,82.6837
Jhansi,Uttar Pradesh,1998603,0.2,89.0,85.0,99.1,0.07,25.4484,78.5685
Kannauj,Uttar Pradesh,1656616,0.26,84.5,79.0,98.3,0.1,27.0545,79.9142
Kanpur Dehat,Uttar Pradesh,1796184,0.29,82.0,76.5,97.9,0.12,26.439,79.939
Kanpur Nagar,Uttar Pradesh,4581268,0.11,94.0,90.5,99.6,0.04,26.4499,80.3319
Kasganj,Uttar Pradesh,1436724,0.31,80.5,75.0,97.6,0.13,27.808,78.647
Kaushambi,Uttar Pradesh,1599596,0.36,76.5,70.0,96.8,0.15,25.534,81.385
Kheri,Uttar Pradesh,4021243,0.41,72.5,65.5,95.6,0.18,27.9467,80.7788
Kushinagar,Uttar Pradesh,3564544,0.38,75.0,68.0,96.4,0.16,26.7408,83.8893
Lalitpur,Uttar Pradesh,1221592,0.35,77.0,70.0,96.8,0.15,24.6908,78.414
Lucknow,Uttar Pradesh,4589838,0.08,95.5,92.5,99.7,0.03,26.8467,80.9462
Maharajganj,Uttar Pradesh,2684703,0.4,73.0,66.0,96.0,0.17,27.145,83.56
Mahoba,Uttar Pradesh,875958,0.36,76.0,69.0,96.6,0.15,25.2917,79.8722
Mainpuri,Uttar Pradesh,1868529,0.25,85.0,80.0,98.4,0.1,27.2285,79.0264
Mathura,Uttar Pradesh,2547184,0.19,89.5,85.5,99.1,0.07,27.4924,77.6737
Mau,Uttar Pradesh,2205968,0.26,84.5,79.0,98.3,0.1,25.9417,83.5611
Meerut,Uttar Pradesh,3443689,0.12,93.5,90.0,99.5,0.04,28.9845,77.7064
Mirzapur,Uttar Pradesh,2496970,0.37,75.5,68.5,96.5,0.16,25.146,82.569
Moradabad,Uttar Pradesh,4772006,0.2,89.0,85.0,99.0,0.07,28.8386,78.7733
Muzaffarnagar,Uttar Pradesh,4143512,0.16,91.5,87.5,99.3,0.05,29.4727,77.7085
Pilibhit,Uttar Pradesh,2031107,0.35,77.0,71.0,97.0,0.14,28.63,79.8
Pratapgarh,Uttar Pradesh,3209141,0.3,81.0,75.0,97.7,0.12,25.9,81.99
Prayagraj,Uttar Pradesh,5954391,0.16,91.0,87.0,99.3,0.05,25.4358,81.8463
Raebareli,Uttar Pradesh,3405559,0.31,80.5,74.5,97.5,0.13,26.2303,81.2409
Rampur,Uttar Pradesh,2335819,0.3,81.0,76.0,97.8,0.12,28.8154,79.0256
Saharanpur,Uttar Pradesh,3466382,0.18,90.0,86.0,99.1,0.07,29.964,77.546
Sambhal,Uttar Pradesh,2192790,0.33,79.0,73.0,97.2,0.14,28.584,78.572
Sant Kabir Nagar,Uttar Pradesh,1715183,0.34,78.5,72.5,97.1,0.14,26.78,83.03
Shahjahanpur,Uttar Pradesh,3006538,0.34,78.0,72.0,97.1,0.14,27.8805,79.912
Shamli,Uttar Pradesh,1274815,0.17,91.0,87.0,99.2,0.06,29.4497,77.3106
Shravasti,Uttar Pradesh,1117361,0.53,63.0,55.0,93.2,0.26,27.7,82.05
Siddharthnagar,Uttar Pradesh,2559297,0.43,71.0,63.5,95.2,0.19,27.27,82.82
Sitapur,Uttar Pradesh,4483992,0.4,73.5,66.5,96.0,0.17,27.5684,80.6829
Sonbhadra,Uttar Pradesh,1862559,0.44,70.5,63.0,95.0,0.2,24.685,83.065
Sultanpur,Uttar Pradesh,2595914,0.29,82.0,76.0,97.8,0.12,26.2648,82.0727
Unnao,Uttar Pradesh,3108367,0.28,83.0,77.5,98.1,0.11,26.5458,80.4878
Varanasi,Uttar Pradesh,3676841,0.14,92.5,89.0,99.4,0.05,25.3176,82.9739
Central Delhi,Delhi,582320,0.04,98.0,95.0,99.9,0.01,28.6448,77.2167
East Delhi,Delhi,1709346,0.06,97.0,94.0,99.8,0.02,28.6279,77.2784
New Delhi,Delhi,142004,0.02,99.0,97.0,100.0,0.01,28.6139,77.209
North Delhi,Delhi,887978,0.05,97.5,94.5,99.9,0.02,28.7183,77.1623
North East Delhi,Delhi,2241624,0.08,95.5,92.0,99.7,0.03,28.6948,77.2727
North West Delhi,Delhi,3656539,0.06,97.0,93.5,99.8,0.02,28.7297,77.0877
Shahdara,Delhi,322931,0.07,96.0,93.0,99.7,0.03,28.6738,77.2917
South Delhi,Delhi,2731929,0.03,98.5,96.0,99.9,0.01,28.5411,77.2025
South East Delhi,Delhi,638642,0.05,97.0,94.0,99.8,0.02,28.5562,77.2773
South West Delhi,Delhi,2292958,0.04,98.0,95.0,99.9,0.01,28.5833,77.0667
West Delhi,Delhi,2543243,0.04,98.0,95.0,99.9,0.01,28.6667,77.0833
